{
  "Overall_RMSE": 41.135660343891075,
  "Overall_MAE": 25.43432167915298,
  "Step_1_RMSE": 27.218130727592065,
  "Step_1_MAE": 17.68311718729565,
  "Step_2_RMSE": 31.244199641751912,
  "Step_2_MAE": 19.94317654412597,
  "Step_3_RMSE": 34.20674253640207,
  "Step_3_MAE": 21.62316264541094,
  "Step_4_RMSE": 36.76185728849591,
  "Step_4_MAE": 23.14408040904507,
  "Step_5_RMSE": 38.797869926295874,
  "Step_5_MAE": 24.38504265691775,
  "Step_6_RMSE": 40.60224962993953,
  "Step_6_MAE": 25.518898457649716,
  "Step_7_RMSE": 42.28540478234543,
  "Step_7_MAE": 26.538771328346183,
  "Step_8_RMSE": 43.83825950479392,
  "Step_8_MAE": 27.4685164590119,
  "Step_9_RMSE": 45.36200001951564,
  "Step_9_MAE": 28.352089744128364,
  "Step_10_RMSE": 46.95326424488479,
  "Step_10_MAE": 29.230699390991752,
  "Step_11_RMSE": 48.722483905820525,
  "Step_11_MAE": 30.175234754704185,
  "Step_12_RMSE": 50.668662430151905,
  "Step_12_MAE": 31.14930979185419
}