{
  "Commercial_5min": {
    "Step_1_RMSE": 28.399133600542935,
    "Step_2_RMSE": 33.82526038875324,
    "Step_3_RMSE": 37.87351254352804,
    "Step_4_RMSE": 41.518553811049834,
    "Step_5_RMSE": 44.600097134252685,
    "Step_6_RMSE": 47.31690152373438,
    "Step_7_RMSE": 49.889233751037295,
    "Step_8_RMSE": 52.11967370197365,
    "Step_9_RMSE": 54.23779834456446,
    "Step_10_RMSE": 56.187355876244794,
    "Step_11_RMSE": 58.111688258674306,
    "Step_12_RMSE": 59.954253151547825
  },
  "Office_5min": {
    "Step_1_RMSE": 39.26944570377455,
    "Step_2_RMSE": 44.48774898699399,
    "Step_3_RMSE": 48.08614027941938,
    "Step_4_RMSE": 50.920635680824155,
    "Step_5_RMSE": 52.771719673756095,
    "Step_6_RMSE": 54.24927283024173,
    "Step_7_RMSE": 55.53513019563791,
    "Step_8_RMSE": 56.79996147429265,
    "Step_9_RMSE": 58.169059471714505,
    "Step_10_RMSE": 59.89199841286448,
    "Step_11_RMSE": 62.367518652644385,
    "Step_12_RMSE": 65.49592002230844
  },
  "Public_5min": {
    "Step_1_RMSE": 20.4773164084722,
    "Step_2_RMSE": 22.983027188226636,
    "Step_3_RMSE": 25.130920374129953,
    "Step_4_RMSE": 27.045606454132923,
    "Step_5_RMSE": 28.89119798440795,
    "Step_6_RMSE": 30.7305159665363,
    "Step_7_RMSE": 32.449540502633305,
    "Step_8_RMSE": 34.13717933250512,
    "Step_9_RMSE": 35.69032219180902,
    "Step_10_RMSE": 37.32997791378149,
    "Step_11_RMSE": 38.767555573498946,
    "Step_12_RMSE": 40.24649994610291
  },
  "Residential_5min": {
    "Step_1_RMSE": 14.138288288131362,
    "Step_2_RMSE": 15.805199621943942,
    "Step_3_RMSE": 16.9737765022403,
    "Step_4_RMSE": 18.190075031300417,
    "Step_5_RMSE": 19.216484733428576,
    "Step_6_RMSE": 20.182371506295848,
    "Step_7_RMSE": 21.151690193580034,
    "Step_8_RMSE": 21.986340114157365,
    "Step_9_RMSE": 22.81457440553293,
    "Step_10_RMSE": 23.593174269232264,
    "Step_11_RMSE": 24.394254176749676,
    "Step_12_RMSE": 25.15531343523469
  }
}