{
  "Overall_RMSE": 42.78265111728145,
  "Overall_MAE": 26.383719223461778,
  "Overall_R2": 0.9840763355019682,
  "Overall_MAPE": 0.0598983855820768,
  "Step_1_RMSE": 27.36485465341496,
  "Step_1_MAE": 18.23465191882012,
  "Step_1_R2": 0.9934850031924854,
  "Step_1_MAPE": 0.0441085310313687,
  "Step_2_RMSE": 31.27854568111736,
  "Step_2_MAE": 20.364467208816663,
  "Step_2_R2": 0.9914882017820815,
  "Step_2_MAPE": 0.048225778304389386,
  "Step_3_RMSE": 34.30646135110924,
  "Step_3_MAE": 21.99293621011253,
  "Step_3_R2": 0.9897605143792277,
  "Step_3_MAPE": 0.05127625442150182,
  "Step_4_RMSE": 37.06766242177195,
  "Step_4_MAE": 23.581926596730955,
  "Step_4_R2": 0.988046023368632,
  "Step_4_MAPE": 0.05425337973523869,
  "Step_5_RMSE": 39.39009186605819,
  "Step_5_MAE": 24.914570047443338,
  "Step_5_R2": 0.9865014095987203,
  "Step_5_MAPE": 0.056816469983242225,
  "Step_6_RMSE": 41.58691870985621,
  "Step_6_MAE": 26.24646260173728,
  "Step_6_R2": 0.9849539128698049,
  "Step_6_MAPE": 0.059411039603631054,
  "Step_7_RMSE": 43.66655502275528,
  "Step_7_MAE": 27.45909651470325,
  "Step_7_R2": 0.983411640782056,
  "Step_7_MAPE": 0.06181219678274932,
  "Step_8_RMSE": 45.59145835599627,
  "Step_8_MAE": 28.49585720420999,
  "Step_8_R2": 0.9819170618271597,
  "Step_8_MAPE": 0.06400423671505476,
  "Step_9_RMSE": 47.63418119454681,
  "Step_9_MAE": 29.605726184403586,
  "Step_9_R2": 0.9802605661678987,
  "Step_9_MAPE": 0.06620858111210141,
  "Step_10_RMSE": 49.740093887147204,
  "Step_10_MAE": 30.71047103784168,
  "Step_10_R2": 0.9784768926859315,
  "Step_10_MAPE": 0.06853564534793048,
  "Step_11_RMSE": 52.05658887969401,
  "Step_11_MAE": 31.892955408514222,
  "Step_11_R2": 0.9764257533159363,
  "Step_11_MAPE": 0.07076283791334038,
  "Step_12_RMSE": 54.46826512285973,
  "Step_12_MAE": 33.10577474243825,
  "Step_12_R2": 0.9741912509073097,
  "Step_12_MAPE": 0.07336619244251036
}