{
  "Commercial_5min": {
    "Step_1_RMSE": 29.7885236930433,
    "Step_2_RMSE": 34.06543190848204,
    "Step_3_RMSE": 37.290693685240925,
    "Step_4_RMSE": 40.50303832258678,
    "Step_5_RMSE": 43.22319767928731,
    "Step_6_RMSE": 45.517162082270325,
    "Step_7_RMSE": 47.60836560769138,
    "Step_8_RMSE": 49.68395543786923,
    "Step_9_RMSE": 51.475940514168315,
    "Step_10_RMSE": 53.266264401510185,
    "Step_11_RMSE": 54.91616927953313,
    "Step_12_RMSE": 56.614469949458076
  },
  "Office_5min": {
    "Step_1_RMSE": 37.39670815681173,
    "Step_2_RMSE": 43.18589431577787,
    "Step_3_RMSE": 47.56063995361095,
    "Step_4_RMSE": 51.25020399079976,
    "Step_5_RMSE": 54.11691414016201,
    "Step_6_RMSE": 56.84650459674646,
    "Step_7_RMSE": 59.329967913817576,
    "Step_8_RMSE": 61.686533707558475,
    "Step_9_RMSE": 64.50635498080314,
    "Step_10_RMSE": 67.5198620037237,
    "Step_11_RMSE": 71.3074744275122,
    "Step_12_RMSE": 75.24105582640988
  },
  "Public_5min": {
    "Step_1_RMSE": 21.797093472826667,
    "Step_2_RMSE": 24.574160735241446,
    "Step_3_RMSE": 27.03873314090049,
    "Step_4_RMSE": 29.222493881960897,
    "Step_5_RMSE": 31.35924704720638,
    "Step_6_RMSE": 33.730241066889775,
    "Step_7_RMSE": 36.18593301895121,
    "Step_8_RMSE": 38.146046271609954,
    "Step_9_RMSE": 40.36241602403547,
    "Step_10_RMSE": 42.57148876729107,
    "Step_11_RMSE": 44.8029419802913,
    "Step_12_RMSE": 47.15715311794218
  },
  "Residential_5min": {
    "Step_1_RMSE": 14.884211814473076,
    "Step_2_RMSE": 16.382488189718934,
    "Step_3_RMSE": 17.442762035328357,
    "Step_4_RMSE": 18.68109925284588,
    "Step_5_RMSE": 19.779901542090748,
    "Step_6_RMSE": 20.816325870017188,
    "Step_7_RMSE": 21.852930951224575,
    "Step_8_RMSE": 22.88308745250182,
    "Step_9_RMSE": 23.85810355460306,
    "Step_10_RMSE": 24.842928644883884,
    "Step_11_RMSE": 25.776005465306806,
    "Step_12_RMSE": 26.706176268078185
  }
}