{
  "Overall_RMSE": 47.38816631513993,
  "Overall_MAE": 28.99762939744626,
  "Overall_R2": 0.9804634689386746,
  "Overall_MAPE": 0.06350148621347995,
  "Step_1_RMSE": 31.897768777069725,
  "Step_1_MAE": 20.746271630280585,
  "Step_1_R2": 0.991147855254294,
  "Step_1_MAPE": 0.04763769500372181,
  "Step_2_RMSE": 36.58624089458182,
  "Step_2_MAE": 23.336578941244262,
  "Step_2_R2": 0.9883543484791539,
  "Step_2_MAPE": 0.05235581373300016,
  "Step_3_RMSE": 39.23568618201964,
  "Step_3_MAE": 24.666371313437796,
  "Step_3_R2": 0.9866066630937048,
  "Step_3_MAPE": 0.05548663843731777,
  "Step_4_RMSE": 42.21575155749932,
  "Step_4_MAE": 26.348989065904224,
  "Step_4_R2": 0.9844950265264559,
  "Step_4_MAPE": 0.05851752662853556,
  "Step_5_RMSE": 45.05073407565947,
  "Step_5_MAE": 28.011457395717933,
  "Step_5_R2": 0.9823429500844385,
  "Step_5_MAPE": 0.06130842972365229,
  "Step_6_RMSE": 47.02932873170948,
  "Step_6_MAE": 29.113217780649926,
  "Step_6_R2": 0.9807581134081061,
  "Step_6_MAPE": 0.06349374535399549,
  "Step_7_RMSE": 49.005917042935785,
  "Step_7_MAE": 30.267979568639216,
  "Step_7_R2": 0.9791069133121932,
  "Step_7_MAPE": 0.06576181155363954,
  "Step_8_RMSE": 50.942982969667746,
  "Step_8_MAE": 31.42268070012463,
  "Step_8_R2": 0.9774227637251559,
  "Step_8_MAPE": 0.06790074358310445,
  "Step_9_RMSE": 52.41703385255646,
  "Step_9_MAE": 32.231897555660694,
  "Step_9_R2": 0.9760975644557066,
  "Step_9_MAPE": 0.06963844308707585,
  "Step_10_RMSE": 53.62599320610492,
  "Step_10_MAE": 32.83407166939777,
  "Step_10_R2": 0.9749825842114298,
  "Step_10_MAPE": 0.07132933084627843,
  "Step_11_RMSE": 55.66121843796202,
  "Step_11_MAE": 33.985788347027324,
  "Step_11_R2": 0.97304794799228,
  "Step_11_MAPE": 0.07327939441555066,
  "Step_12_RMSE": 57.537055819216825,
  "Step_12_MAE": 35.00650519967842,
  "Step_12_R2": 0.9712011503044274,
  "Step_12_MAPE": 0.07530876161546204
}