{
  "Commercial_5min": {
    "Step_1_RMSE": 31.51854102641518,
    "Step_2_RMSE": 37.33633454134494,
    "Step_3_RMSE": 40.9677032889566,
    "Step_4_RMSE": 44.77228377697101,
    "Step_5_RMSE": 48.49096939857938,
    "Step_6_RMSE": 51.21867845820936,
    "Step_7_RMSE": 53.89877552573123,
    "Step_8_RMSE": 56.399192723151714,
    "Step_9_RMSE": 58.40209111787148,
    "Step_10_RMSE": 59.99891351199726,
    "Step_11_RMSE": 62.11902654379628,
    "Step_12_RMSE": 63.91329006452544
  },
  "Office_5min": {
    "Step_1_RMSE": 46.656109374776605,
    "Step_2_RMSE": 52.83949056897234,
    "Step_3_RMSE": 55.74809731317239,
    "Step_4_RMSE": 59.23253385458281,
    "Step_5_RMSE": 62.34654166517525,
    "Step_6_RMSE": 64.26339412029506,
    "Step_7_RMSE": 66.14078025700623,
    "Step_8_RMSE": 68.10362428837514,
    "Step_9_RMSE": 69.43166463497828,
    "Step_10_RMSE": 70.47856291478006,
    "Step_11_RMSE": 73.24212881948982,
    "Step_12_RMSE": 75.94905052063287
  },
  "Public_5min": {
    "Step_1_RMSE": 25.609844818897944,
    "Step_2_RMSE": 29.277735961962463,
    "Step_3_RMSE": 31.846707063181675,
    "Step_4_RMSE": 34.57287480361972,
    "Step_5_RMSE": 37.277209489591115,
    "Step_6_RMSE": 39.302525621429076,
    "Step_7_RMSE": 41.39051806671279,
    "Step_8_RMSE": 43.421237338250975,
    "Step_9_RMSE": 45.01250252141081,
    "Step_10_RMSE": 46.41506340163498,
    "Step_11_RMSE": 48.28232538667515,
    "Step_12_RMSE": 50.013085939157214
  },
  "Residential_5min": {
    "Step_1_RMSE": 15.93465210607968,
    "Step_2_RMSE": 17.62562817109179,
    "Step_3_RMSE": 18.44913301950743,
    "Step_4_RMSE": 19.696485843001565,
    "Step_5_RMSE": 20.94125528678172,
    "Step_6_RMSE": 21.893424679747415,
    "Step_7_RMSE": 22.890254349085968,
    "Step_8_RMSE": 23.843229232113625,
    "Step_9_RMSE": 24.652060831965944,
    "Step_10_RMSE": 25.33409734600617,
    "Step_11_RMSE": 26.25318207278732,
    "Step_12_RMSE": 27.06344314482699
  }
}