{
  "Overall_RMSE": 153.82231219959934,
  "Overall_MAE": 106.27056614976917,
  "Overall_R2": 0.7941521653006791,
  "Overall_MAPE": 0.23682643004905793,
  "Step_1_RMSE": 150.63161165781497,
  "Step_1_MAE": 103.92759318147549,
  "Step_1_R2": 0.802594085133756,
  "Step_1_MAPE": 0.23148309291887448,
  "Step_2_RMSE": 150.82227931685568,
  "Step_2_MAE": 104.01357071445558,
  "Step_2_R2": 0.8020938841949045,
  "Step_2_MAPE": 0.23146090479510215,
  "Step_3_RMSE": 151.18563509880818,
  "Step_3_MAE": 104.21654827023869,
  "Step_3_R2": 0.8011400387844437,
  "Step_3_MAPE": 0.2318780177602816,
  "Step_4_RMSE": 151.61701946120695,
  "Step_4_MAE": 104.51504442938054,
  "Step_4_R2": 0.8000055638089525,
  "Step_4_MAPE": 0.2325412468283305,
  "Step_5_RMSE": 152.1571516263798,
  "Step_5_MAE": 104.94255336534208,
  "Step_5_R2": 0.7985815862346326,
  "Step_5_MAPE": 0.23352859433738543,
  "Step_6_RMSE": 152.90137804967875,
  "Step_6_MAE": 105.5008584169494,
  "Step_6_R2": 0.7966084599893941,
  "Step_6_MAPE": 0.23486073698861326,
  "Step_7_RMSE": 153.57509256736998,
  "Step_7_MAE": 106.0632111422127,
  "Step_7_R2": 0.7948142756480849,
  "Step_7_MAPE": 0.23619887839098508,
  "Step_8_RMSE": 154.47456038129783,
  "Step_8_MAE": 106.76773005175156,
  "Step_8_R2": 0.7924054420179719,
  "Step_8_MAPE": 0.2379824142395012,
  "Step_9_RMSE": 155.43817772784794,
  "Step_9_MAE": 107.54160130255214,
  "Step_9_R2": 0.7898096972355343,
  "Step_9_MAPE": 0.23990858975799725,
  "Step_10_RMSE": 156.31878106347693,
  "Step_10_MAE": 108.26653439527894,
  "Step_10_R2": 0.7874240691788382,
  "Step_10_MAPE": 0.2416249925399989,
  "Step_11_RMSE": 157.60367600924616,
  "Step_11_MAE": 109.26319264233963,
  "Step_11_R2": 0.7839177485288575,
  "Step_11_MAPE": 0.24405564015161693,
  "Step_12_RMSE": 158.87035171572032,
  "Step_12_MAE": 110.22844883492873,
  "Step_12_R2": 0.7804337502322192,
  "Step_12_MAPE": 0.24639432268269482
}