{
  "Commercial_5min": {
    "Step_1_RMSE": 202.70998951529026,
    "Step_2_RMSE": 202.39981813095565,
    "Step_3_RMSE": 202.18242593229812,
    "Step_4_RMSE": 202.00313144610197,
    "Step_5_RMSE": 201.9116022771904,
    "Step_6_RMSE": 201.8835317192852,
    "Step_7_RMSE": 201.85562987237176,
    "Step_8_RMSE": 201.9236945771644,
    "Step_9_RMSE": 202.03120725203044,
    "Step_10_RMSE": 202.1446036296177,
    "Step_11_RMSE": 202.38697410270476,
    "Step_12_RMSE": 202.6295812484454
  },
  "Office_5min": {
    "Step_1_RMSE": 147.13480635314082,
    "Step_2_RMSE": 147.55485868279595,
    "Step_3_RMSE": 148.05833240581882,
    "Step_4_RMSE": 148.94353782272626,
    "Step_5_RMSE": 150.10427809533772,
    "Step_6_RMSE": 151.6869669714655,
    "Step_7_RMSE": 153.3446685235692,
    "Step_8_RMSE": 155.1731650379642,
    "Step_9_RMSE": 157.20790953166028,
    "Step_10_RMSE": 159.42409117764524,
    "Step_11_RMSE": 162.31001861224203,
    "Step_12_RMSE": 165.40152613315217
  },
  "Public_5min": {
    "Step_1_RMSE": 139.2946458484554,
    "Step_2_RMSE": 140.13829929387214,
    "Step_3_RMSE": 141.47087863627655,
    "Step_4_RMSE": 142.62014873913168,
    "Step_5_RMSE": 143.80542852852915,
    "Step_6_RMSE": 145.3043543888693,
    "Step_7_RMSE": 146.38487630124447,
    "Step_8_RMSE": 148.07093069111397,
    "Step_9_RMSE": 149.7187834946162,
    "Step_10_RMSE": 150.80219408869007,
    "Step_11_RMSE": 152.6601063772541,
    "Step_12_RMSE": 154.18228885318388
  },
  "Residential_5min": {
    "Step_1_RMSE": 72.38044918421987,
    "Step_2_RMSE": 72.3316260966008,
    "Step_3_RMSE": 72.22771640876991,
    "Step_4_RMSE": 72.21779645707687,
    "Step_5_RMSE": 72.21421447630017,
    "Step_6_RMSE": 72.20892482978576,
    "Step_7_RMSE": 72.35700916017603,
    "Step_8_RMSE": 72.41356788290597,
    "Step_9_RMSE": 72.53034912169625,
    "Step_10_RMSE": 72.78664676152651,
    "Step_11_RMSE": 72.93342800054273,
    "Step_12_RMSE": 73.19671772351955
  }
}