{
  "Overall_RMSE": 44.86538180834361,
  "Overall_MAE": 26.508235595209275,
  "Overall_R2": 0.9824882164681858,
  "Overall_MAPE": 0.059498624346047996,
  "Step_1_RMSE": 26.744503815834577,
  "Step_1_MAE": 17.328685711148005,
  "Step_1_R2": 0.9937770403440713,
  "Step_1_MAPE": 0.041967246101067515,
  "Step_2_RMSE": 31.659386001723565,
  "Step_2_MAE": 19.92970644440615,
  "Step_2_R2": 0.9912796646384505,
  "Step_2_MAPE": 0.04695038273034547,
  "Step_3_RMSE": 35.296091865057335,
  "Step_3_MAE": 21.792079060103582,
  "Step_3_R2": 0.9891612417146816,
  "Step_3_MAPE": 0.0505485260918445,
  "Step_4_RMSE": 38.61283330836084,
  "Step_4_MAE": 23.61617895078378,
  "Step_4_R2": 0.9870286458357743,
  "Step_4_MAPE": 0.05395527904682026,
  "Step_5_RMSE": 41.30957590577835,
  "Step_5_MAE": 25.103249222019635,
  "Step_5_R2": 0.9851537806221154,
  "Step_5_MAPE": 0.056779794162391505,
  "Step_6_RMSE": 43.468829232153595,
  "Step_6_MAE": 26.23542070562531,
  "Step_6_R2": 0.9835613564920876,
  "Step_6_MAPE": 0.05910602937714329,
  "Step_7_RMSE": 45.913108855167174,
  "Step_7_MAE": 27.617631280580685,
  "Step_7_R2": 0.9816608599815456,
  "Step_7_MAPE": 0.06169940144601331,
  "Step_8_RMSE": 48.154692861101516,
  "Step_8_MAE": 28.813353855089858,
  "Step_8_R2": 0.9798265921260496,
  "Step_8_MAPE": 0.06398587013218333,
  "Step_9_RMSE": 50.25481790508807,
  "Step_9_MAE": 29.908006514263295,
  "Step_9_R2": 0.9780288555304314,
  "Step_9_MAPE": 0.06610256469290812,
  "Step_10_RMSE": 52.648111250941206,
  "Step_10_MAE": 31.227270111129062,
  "Step_10_R2": 0.9758866616574794,
  "Step_10_MAPE": 0.06859944417287657,
  "Step_11_RMSE": 55.10587484519646,
  "Step_11_MAE": 32.538709547905896,
  "Step_11_R2": 0.973583077553991,
  "Step_11_MAPE": 0.07085932023063897,
  "Step_12_RMSE": 57.823765503182265,
  "Step_12_MAE": 33.988828288481656,
  "Step_12_R2": 0.9709134233344662,
  "Step_12_MAPE": 0.0734301852099946
}