{
  "Overall_RMSE": 41.17112907467969,
  "Overall_MAE": 25.507650079834818,
  "Overall_R2": 0.9852533563049306,
  "Overall_MAPE": 0.058965452728264596,
  "Step_1_RMSE": 25.872526722997648,
  "Step_1_MAE": 17.179376457433072,
  "Step_1_R2": 0.9941762113714205,
  "Step_1_MAPE": 0.04217149463981594,
  "Step_2_RMSE": 30.327925516372723,
  "Step_2_MAE": 19.640599475838574,
  "Step_2_R2": 0.9919977221755002,
  "Step_2_MAPE": 0.04699957831653883,
  "Step_3_RMSE": 33.63113063249249,
  "Step_3_MAE": 21.426364469275228,
  "Step_3_R2": 0.9901596798326584,
  "Step_3_MAPE": 0.0505141094480128,
  "Step_4_RMSE": 36.304757054481584,
  "Step_4_MAE": 22.986295886978898,
  "Step_4_R2": 0.9885330195038502,
  "Step_4_MAPE": 0.05360095599933732,
  "Step_5_RMSE": 38.56529867764179,
  "Step_5_MAE": 24.304497011936927,
  "Step_5_R2": 0.9870607879432481,
  "Step_5_MAPE": 0.056126556581079755,
  "Step_6_RMSE": 40.693123689761066,
  "Step_6_MAE": 25.63434568524419,
  "Step_6_R2": 0.9855937103464656,
  "Step_6_MAPE": 0.058996420218285994,
  "Step_7_RMSE": 42.47411636692158,
  "Step_7_MAE": 26.67136071795375,
  "Step_7_R2": 0.9843052545861745,
  "Step_7_MAPE": 0.06113971508470795,
  "Step_8_RMSE": 44.22598494121321,
  "Step_8_MAE": 27.709410290551386,
  "Step_8_R2": 0.9829840164908678,
  "Step_8_MAPE": 0.06343364345211515,
  "Step_9_RMSE": 45.87004025752385,
  "Step_9_MAE": 28.672551233694506,
  "Step_9_R2": 0.9816955988096145,
  "Step_9_MAPE": 0.06544617272726366,
  "Step_10_RMSE": 47.5604021401998,
  "Step_10_MAE": 29.634210828652467,
  "Step_10_R2": 0.9803219161929462,
  "Step_10_MAPE": 0.0674953276567539,
  "Step_11_RMSE": 49.27140470608433,
  "Step_11_MAE": 30.622621187090814,
  "Step_11_R2": 0.9788808566290769,
  "Step_11_MAPE": 0.06975632322826508,
  "Step_12_RMSE": 51.04500469693553,
  "Step_12_MAE": 31.610423184896796,
  "Step_12_R2": 0.9773334007477357,
  "Step_12_MAPE": 0.07190566545399112
}