{
  "Commercial_5min": {
    "Step_1_RMSE": 26.568567120833745,
    "Step_2_RMSE": 31.996993138879823,
    "Step_3_RMSE": 35.983184212241866,
    "Step_4_RMSE": 39.246529727604475,
    "Step_5_RMSE": 42.109160877634864,
    "Step_6_RMSE": 44.953530473620475,
    "Step_7_RMSE": 47.04564480744115,
    "Step_8_RMSE": 49.17564964280985,
    "Step_9_RMSE": 51.14775569655673,
    "Step_10_RMSE": 53.07851965114282,
    "Step_11_RMSE": 54.90066962937362,
    "Step_12_RMSE": 56.71449534822875
  },
  "Office_5min": {
    "Step_1_RMSE": 36.891284354878174,
    "Step_2_RMSE": 42.9270160143448,
    "Step_3_RMSE": 47.31169873216866,
    "Step_4_RMSE": 50.42910436532544,
    "Step_5_RMSE": 52.91064228841318,
    "Step_6_RMSE": 55.17881963785298,
    "Step_7_RMSE": 56.81262657489418,
    "Step_8_RMSE": 58.55989921324846,
    "Step_9_RMSE": 60.21022663428578,
    "Step_10_RMSE": 62.06771737746273,
    "Step_11_RMSE": 64.16334027815125,
    "Step_12_RMSE": 66.53486729788767
  },
  "Public_5min": {
    "Step_1_RMSE": 20.506442498942246,
    "Step_2_RMSE": 23.820285458550114,
    "Step_3_RMSE": 26.477253773787858,
    "Step_4_RMSE": 29.12027323363342,
    "Step_5_RMSE": 31.391499369511624,
    "Step_6_RMSE": 33.351180356024024,
    "Step_7_RMSE": 35.73007064842286,
    "Step_8_RMSE": 37.74921318606711,
    "Step_9_RMSE": 39.6289870468748,
    "Step_10_RMSE": 41.47927302551179,
    "Step_11_RMSE": 43.24053428476399,
    "Step_12_RMSE": 44.91842271856078
  },
  "Residential_5min": {
    "Step_1_RMSE": 13.86236255842987,
    "Step_2_RMSE": 15.488808342125314,
    "Step_3_RMSE": 16.62807441837258,
    "Step_4_RMSE": 17.756068286599437,
    "Step_5_RMSE": 18.77350435502163,
    "Step_6_RMSE": 19.84579656867187,
    "Step_7_RMSE": 20.749306208878565,
    "Step_8_RMSE": 21.649038222541297,
    "Step_9_RMSE": 22.540124717944746,
    "Step_10_RMSE": 23.42592422643754,
    "Step_11_RMSE": 24.314863209114726,
    "Step_12_RMSE": 25.202845735973
  }
}