{
  "Overall_RMSE": 43.17726505602914,
  "Overall_MAE": 25.82873684713306,
  "Overall_R2": 0.9837812308623866,
  "Overall_MAPE": 0.05745494603454316,
  "Step_1_RMSE": 26.21634370895568,
  "Step_1_MAE": 16.906841164866893,
  "Step_1_R2": 0.9940203996290186,
  "Step_1_MAPE": 0.04013845382806926,
  "Step_2_RMSE": 31.202910596782637,
  "Step_2_MAE": 19.662205525599447,
  "Step_2_R2": 0.9915293170054782,
  "Step_2_MAPE": 0.04547168405708004,
  "Step_3_RMSE": 34.79638415095987,
  "Step_3_MAE": 21.592780661106644,
  "Step_3_R2": 0.9894659705862795,
  "Step_3_MAPE": 0.04924822806537249,
  "Step_4_RMSE": 37.804527546076045,
  "Step_4_MAE": 23.262981930035664,
  "Step_4_R2": 0.9875660351892513,
  "Step_4_MAPE": 0.052492722896982515,
  "Step_5_RMSE": 40.29091895031972,
  "Step_5_MAE": 24.63634269410081,
  "Step_5_R2": 0.9858769408602286,
  "Step_5_MAPE": 0.05512214932519189,
  "Step_6_RMSE": 42.537708104004786,
  "Step_6_MAE": 25.918902594652273,
  "Step_6_R2": 0.9842580597723253,
  "Step_6_MAPE": 0.057549097878718126,
  "Step_7_RMSE": 44.59346060559199,
  "Step_7_MAE": 27.05470145078553,
  "Step_7_R2": 0.9826999275041437,
  "Step_7_MAPE": 0.05982584261882487,
  "Step_8_RMSE": 46.53008491382905,
  "Step_8_MAE": 28.137259606831417,
  "Step_8_R2": 0.9811648224359775,
  "Step_8_MAPE": 0.0619478064957421,
  "Step_9_RMSE": 48.386749496131436,
  "Step_9_MAE": 29.173720242882055,
  "Step_9_R2": 0.9796319158837147,
  "Step_9_MAPE": 0.06393001592699264,
  "Step_10_RMSE": 50.23234020961492,
  "Step_10_MAE": 30.183421491719653,
  "Step_10_R2": 0.9780487835299062,
  "Step_10_MAPE": 0.06590781993081803,
  "Step_11_RMSE": 52.071512237799006,
  "Step_11_MAE": 31.210566446218863,
  "Step_11_R2": 0.976412235052057,
  "Step_11_MAPE": 0.06791010810083382,
  "Step_12_RMSE": 53.92602531009079,
  "Step_12_MAE": 32.20538741336674,
  "Step_12_R2": 0.9747025531273189,
  "Step_12_MAPE": 0.06991594464012345
}