{
  "Commercial_5min": {
    "Step_1_RMSE": 27.062346266590215,
    "Step_2_RMSE": 33.157547755551555,
    "Step_3_RMSE": 37.47122727442783,
    "Step_4_RMSE": 41.139986144727665,
    "Step_5_RMSE": 44.2834106936069,
    "Step_6_RMSE": 47.078515507838645,
    "Step_7_RMSE": 49.602900675377626,
    "Step_8_RMSE": 51.874287091355775,
    "Step_9_RMSE": 53.953383534028205,
    "Step_10_RMSE": 55.942040264086344,
    "Step_11_RMSE": 57.71497738028884,
    "Step_12_RMSE": 59.327023144156875
  },
  "Office_5min": {
    "Step_1_RMSE": 37.99161091565982,
    "Step_2_RMSE": 44.985978890959835,
    "Step_3_RMSE": 49.911495277507555,
    "Step_4_RMSE": 53.783073916248824,
    "Step_5_RMSE": 56.755520920771964,
    "Step_6_RMSE": 59.44861019996683,
    "Step_7_RMSE": 61.80683974549213,
    "Step_8_RMSE": 64.23944233194173,
    "Step_9_RMSE": 66.67092366656249,
    "Step_10_RMSE": 69.23520049400648,
    "Step_11_RMSE": 72.00690320711048,
    "Step_12_RMSE": 74.96837582998884
  },
  "Public_5min": {
    "Step_1_RMSE": 19.65338221027873,
    "Step_2_RMSE": 22.960661725982952,
    "Step_3_RMSE": 25.657217846227912,
    "Step_4_RMSE": 28.11064526455737,
    "Step_5_RMSE": 30.304558175073087,
    "Step_6_RMSE": 32.296652508214095,
    "Step_7_RMSE": 34.29836231201305,
    "Step_8_RMSE": 36.01843044160245,
    "Step_9_RMSE": 37.64573271815905,
    "Step_10_RMSE": 39.14958146573969,
    "Step_11_RMSE": 40.627131474756,
    "Step_12_RMSE": 42.12671966079965
  },
  "Residential_5min": {
    "Step_1_RMSE": 13.956110364118048,
    "Step_2_RMSE": 15.708826923201046,
    "Step_3_RMSE": 16.902203922283093,
    "Step_4_RMSE": 18.140456638426265,
    "Step_5_RMSE": 19.227348314344113,
    "Step_6_RMSE": 20.271037232448187,
    "Step_7_RMSE": 21.277439871408134,
    "Step_8_RMSE": 22.189321701959692,
    "Step_9_RMSE": 23.078873784600255,
    "Step_10_RMSE": 23.959884426056995,
    "Step_11_RMSE": 24.808990129984103,
    "Step_12_RMSE": 25.620870978899625
  }
}