{
  "Overall_RMSE": 44.294117447212166,
  "Overall_MAE": 27.154257803845123,
  "Step_1_RMSE": 28.430105231798436,
  "Step_1_MAE": 18.636224216179404,
  "Step_2_RMSE": 32.42022570265725,
  "Step_2_MAE": 20.78094544703413,
  "Step_3_RMSE": 35.580907061631976,
  "Step_3_MAE": 22.430721864124997,
  "Step_4_RMSE": 38.56582604519313,
  "Step_4_MAE": 24.132723819428723,
  "Step_5_RMSE": 40.97523535784845,
  "Step_5_MAE": 25.562198227957985,
  "Step_6_RMSE": 43.1164643342105,
  "Step_6_MAE": 26.947705227632582,
  "Step_7_RMSE": 45.126476759048046,
  "Step_7_MAE": 28.177791330252063,
  "Step_8_RMSE": 47.269987897873904,
  "Step_8_MAE": 29.473727813299977,
  "Step_9_RMSE": 49.17746551048263,
  "Step_9_MAE": 30.561273611079056,
  "Step_10_RMSE": 51.39873164254313,
  "Step_10_MAE": 31.763202967378437,
  "Step_11_RMSE": 53.86113532301483,
  "Step_11_MAE": 33.08018756154603,
  "Step_12_RMSE": 56.22166052757412,
  "Step_12_MAE": 34.304668873909485
}