{
  "Commercial_5min": {
    "Step_1_RMSE": 27.0349240017188,
    "Step_2_RMSE": 32.2523066781687,
    "Step_3_RMSE": 36.37994225770935,
    "Step_4_RMSE": 39.87439818236842,
    "Step_5_RMSE": 43.02931456278187,
    "Step_6_RMSE": 45.78242119161048,
    "Step_7_RMSE": 48.24170235272645,
    "Step_8_RMSE": 50.401655452765695,
    "Step_9_RMSE": 52.39044420201872,
    "Step_10_RMSE": 54.23106221131523,
    "Step_11_RMSE": 55.97983175654973,
    "Step_12_RMSE": 57.61917528523617
  },
  "Office_5min": {
    "Step_1_RMSE": 40.370053686233106,
    "Step_2_RMSE": 46.02161796816891,
    "Step_3_RMSE": 50.33630161528293,
    "Step_4_RMSE": 54.30996065727564,
    "Step_5_RMSE": 57.106071367570635,
    "Step_6_RMSE": 59.3940957941903,
    "Step_7_RMSE": 61.5557101647006,
    "Step_8_RMSE": 64.23943158666286,
    "Step_9_RMSE": 66.66535305771924,
    "Step_10_RMSE": 70.0564626189266,
    "Step_11_RMSE": 74.08634053878092,
    "Step_12_RMSE": 78.14486036649109
  },
  "Public_5min": {
    "Step_1_RMSE": 25.68467784462809,
    "Step_2_RMSE": 27.923656552865417,
    "Step_3_RMSE": 29.89443333744355,
    "Step_4_RMSE": 32.33333776460157,
    "Step_5_RMSE": 34.405409919456595,
    "Step_6_RMSE": 36.528777740817915,
    "Step_7_RMSE": 38.61685185261446,
    "Step_8_RMSE": 40.966916773790004,
    "Step_9_RMSE": 42.846389244296745,
    "Step_10_RMSE": 44.94657936353993,
    "Step_11_RMSE": 47.29800016534906,
    "Step_12_RMSE": 49.27994476153209
  },
  "Residential_5min": {
    "Step_1_RMSE": 14.463844206818475,
    "Step_2_RMSE": 16.09973948917982,
    "Step_3_RMSE": 17.31987344151936,
    "Step_4_RMSE": 18.54305644477329,
    "Step_5_RMSE": 19.68010125623454,
    "Step_6_RMSE": 20.789831756978927,
    "Step_7_RMSE": 21.8861692263831,
    "Step_8_RMSE": 22.879038038287046,
    "Step_9_RMSE": 23.92539334981715,
    "Step_10_RMSE": 24.92075665093152,
    "Step_11_RMSE": 25.90147075878612,
    "Step_12_RMSE": 26.900661878923536
  }
}