{
  "Overall_RMSE": 43.75258616825581,
  "Overall_MAE": 25.703604480122763,
  "Overall_R2": 0.9833461326253415,
  "Overall_MAPE": 0.05729956031748072,
  "Step_1_RMSE": 27.006221047985367,
  "Step_1_MAE": 17.292801616102093,
  "Step_1_R2": 0.9936546507372612,
  "Step_1_MAPE": 0.041706307256793015,
  "Step_2_RMSE": 31.672818243212262,
  "Step_2_MAE": 19.749951004188155,
  "Step_2_R2": 0.991272263452667,
  "Step_2_MAPE": 0.04627098468247997,
  "Step_3_RMSE": 35.14075037087366,
  "Step_3_MAE": 21.498600878674253,
  "Step_3_R2": 0.9892564366065785,
  "Step_3_MAPE": 0.04957285273781048,
  "Step_4_RMSE": 38.09427227283064,
  "Step_4_MAE": 23.084457047549883,
  "Step_4_R2": 0.987374710656702,
  "Step_4_MAPE": 0.052469118285235775,
  "Step_5_RMSE": 40.629603524724644,
  "Step_5_MAE": 24.441820579840595,
  "Step_5_R2": 0.9856385077036657,
  "Step_5_MAPE": 0.05490136087850536,
  "Step_6_RMSE": 42.90348065837313,
  "Step_6_MAE": 25.67020842469073,
  "Step_6_R2": 0.9839861725513666,
  "Step_6_MAPE": 0.05715427802502375,
  "Step_7_RMSE": 45.02913504422573,
  "Step_7_MAE": 26.837268937907744,
  "Step_7_R2": 0.982360235827974,
  "Step_7_MAPE": 0.05932722227846913,
  "Step_8_RMSE": 47.044209324200494,
  "Step_8_MAE": 27.933070464441776,
  "Step_8_R2": 0.9807462919420791,
  "Step_8_MAPE": 0.06140950408139175,
  "Step_9_RMSE": 48.95074894635333,
  "Step_9_MAE": 28.917723479428236,
  "Step_9_R2": 0.9791543253997291,
  "Step_9_MAPE": 0.06326554503598159,
  "Step_10_RMSE": 51.01241909653233,
  "Step_10_MAE": 30.01670457998677,
  "Step_10_R2": 0.9773617116712202,
  "Step_10_MAPE": 0.06528837203040375,
  "Step_11_RMSE": 52.960107676807965,
  "Step_11_MAE": 31.016739175590843,
  "Step_11_R2": 0.9756003196410817,
  "Step_11_MAPE": 0.06715766422153399,
  "Step_12_RMSE": 54.931655956023214,
  "Step_12_MAE": 31.984166633008677,
  "Step_12_R2": 0.9737502450486333,
  "Step_12_MAPE": 0.06907199378790731
}