{
  "Commercial_5min": {
    "Step_1_RMSE": 26.92179224151815,
    "Step_2_RMSE": 32.67360202552364,
    "Step_3_RMSE": 36.87168760189197,
    "Step_4_RMSE": 40.53722619118891,
    "Step_5_RMSE": 43.74473634311814,
    "Step_6_RMSE": 46.58883855180903,
    "Step_7_RMSE": 49.261075936191304,
    "Step_8_RMSE": 51.70867442969376,
    "Step_9_RMSE": 53.915993645209085,
    "Step_10_RMSE": 56.11394503308321,
    "Step_11_RMSE": 58.07458347559243,
    "Step_12_RMSE": 59.86820097030368
  },
  "Office_5min": {
    "Step_1_RMSE": 39.83035005580708,
    "Step_2_RMSE": 46.43163396157951,
    "Step_3_RMSE": 51.27508628712187,
    "Step_4_RMSE": 55.17053847809272,
    "Step_5_RMSE": 58.331557447161494,
    "Step_6_RMSE": 61.19745910109781,
    "Step_7_RMSE": 63.64515588632499,
    "Step_8_RMSE": 66.09598788359835,
    "Step_9_RMSE": 68.54707865703551,
    "Step_10_RMSE": 71.30238734103311,
    "Step_11_RMSE": 74.12081878340875,
    "Step_12_RMSE": 77.18594053162104
  },
  "Public_5min": {
    "Step_1_RMSE": 20.556024725156547,
    "Step_2_RMSE": 23.494575779469955,
    "Step_3_RMSE": 25.891907754669575,
    "Step_4_RMSE": 28.075606776614652,
    "Step_5_RMSE": 30.144971996252988,
    "Step_6_RMSE": 31.953561363771808,
    "Step_7_RMSE": 33.98088837415498,
    "Step_8_RMSE": 35.82721780908709,
    "Step_9_RMSE": 37.49951859266943,
    "Step_10_RMSE": 39.46129600407983,
    "Step_11_RMSE": 41.13969936176116,
    "Step_12_RMSE": 42.79531545578716
  },
  "Residential_5min": {
    "Step_1_RMSE": 14.035158411264781,
    "Step_2_RMSE": 15.750010572423713,
    "Step_3_RMSE": 16.949472310319578,
    "Step_4_RMSE": 18.16967362481187,
    "Step_5_RMSE": 19.24107177686427,
    "Step_6_RMSE": 20.26261611565587,
    "Step_7_RMSE": 21.24704341945909,
    "Step_8_RMSE": 22.131007967479782,
    "Step_9_RMSE": 22.99528134292032,
    "Step_10_RMSE": 23.825954386379944,
    "Step_11_RMSE": 24.6078839492293,
    "Step_12_RMSE": 25.35265184851047
  }
}