{
  "Commercial_5min": {
    "Step_1_RMSE": 25.50037136637836,
    "Step_2_RMSE": 31.275433790935605,
    "Step_3_RMSE": 35.39438508789532,
    "Step_4_RMSE": 38.93114257498765,
    "Step_5_RMSE": 41.970313307337214,
    "Step_6_RMSE": 44.49335785663992,
    "Step_7_RMSE": 47.08074989836873,
    "Step_8_RMSE": 49.34950662769688,
    "Step_9_RMSE": 51.46965843543711,
    "Step_10_RMSE": 53.69960521544503,
    "Step_11_RMSE": 55.777565943074265,
    "Step_12_RMSE": 57.96806292861857
  },
  "Office_5min": {
    "Step_1_RMSE": 39.299380840036356,
    "Step_2_RMSE": 46.53030202434014,
    "Step_3_RMSE": 51.86805386419103,
    "Step_4_RMSE": 56.7468099805552,
    "Step_5_RMSE": 60.4573532175576,
    "Step_6_RMSE": 63.38664086211572,
    "Step_7_RMSE": 66.7149364171726,
    "Step_8_RMSE": 70.00869400166266,
    "Step_9_RMSE": 73.08247158538498,
    "Step_10_RMSE": 76.6948938236287,
    "Step_11_RMSE": 80.75343960363928,
    "Step_12_RMSE": 85.28243798339278
  },
  "Public_5min": {
    "Step_1_RMSE": 21.908574899141605,
    "Step_2_RMSE": 25.018298986048766,
    "Step_3_RMSE": 27.53208703807516,
    "Step_4_RMSE": 29.990977453019816,
    "Step_5_RMSE": 32.16161928174026,
    "Step_6_RMSE": 33.77780890897305,
    "Step_7_RMSE": 35.99597421892335,
    "Step_8_RMSE": 37.7939875361794,
    "Step_9_RMSE": 39.477946419158556,
    "Step_10_RMSE": 41.52725459790207,
    "Step_11_RMSE": 43.368520681726174,
    "Step_12_RMSE": 45.50584560025445
  },
  "Residential_5min": {
    "Step_1_RMSE": 14.113927923624084,
    "Step_2_RMSE": 15.921494904619529,
    "Step_3_RMSE": 17.177264408830773,
    "Step_4_RMSE": 18.494213154762324,
    "Step_5_RMSE": 19.630002673359286,
    "Step_6_RMSE": 20.67960792854221,
    "Step_7_RMSE": 21.748143408006026,
    "Step_8_RMSE": 22.690870275347216,
    "Step_9_RMSE": 23.629839585242227,
    "Step_10_RMSE": 24.565895082643554,
    "Step_11_RMSE": 25.468345045774296,
    "Step_12_RMSE": 26.378810622915136
  }
}